title,url,time_published,authors,summary,banner_image,source,category_within_source,source_domain,topics,overall_sentiment_score,overall_sentiment_label,ticker_sentiment
"Bill Gates Says Steve Jobs Once Told Him, I Wish You'd 'Take Acid' That Would Enhance Microsoft's Product Design More: 'I Envy Those Skills. I'm Not In His League' - Microsoft  ( NASDAQ:MSFT ) ",https://www.benzinga.com/tech/25/02/43578844/bill-gates-says-steve-jobs-once-told-him-i-wish-youd-take-acid-that-would-enhance-microsofts-product-design-,20250208T162713,['Ananya Gairola'],"Bill Gates earlier this week disclosed that the late Apple Inc. AAPL co-founder Steve Jobs once suggested that he should have experimented with hallucinogenic drugs to make Microsoft Corp. MSFT products more appealing. What Happened: Gates, the co-founder of Microsoft, shared this anecdote in an ...",https://cdn.benzinga.com/files/images/story/2025/02/08/Bill-Gates-Steve-Jobs_0.jpeg?width=1200&height=800&fit=crop,Benzinga,News,www.benzinga.com,"[{'topic': 'Technology', 'relevance_score': '1.0'}]",0.252617,Somewhat-Bullish,"[{'ticker': 'MSFT', 'relevance_score': '0.393462', 'ticker_sentiment_score': '0.282319', 'ticker_sentiment_label': 'Somewhat-Bullish'}, {'ticker': 'AAPL', 'relevance_score': '0.48028', 'ticker_sentiment_score': '0.195112', 'ticker_sentiment_label': 'Somewhat-Bullish'}]"
Best Stock to Buy Right Now: SiriusXM vs. Apple,https://www.fool.com/investing/2025/02/08/best-stock-to-buy-right-now-sirius-xm-vs-apple/,20250208T131000,['Chris Neiger'],"Apple ( NASDAQ: AAPL ) and SiriusXM ( NASDAQ: SIRI ) aren't exactly peers. One is a technology behemoth with its hands in everything from artificial intelligence to smartphones and wearable tech. The other is solely betting on its streaming audio subscription services.Sure, they both offer a ...",https://g.foolcdn.com/image/?url=https%3A%2F%2Fg.foolcdn.com%2Feditorial%2Fimages%2F806403%2Fgettyimages-1141254399-1200x800-5b2df79.jpg&op=resize&w=700,Motley Fool,n/a,www.fool.com,"[{'topic': 'Financial Markets', 'relevance_score': '0.684621'}, {'topic': 'Earnings', 'relevance_score': '0.967645'}, {'topic': 'Technology', 'relevance_score': '0.5'}, {'topic': 'Finance', 'relevance_score': '0.5'}]",0.100378,Neutral,"[{'ticker': 'SPOT', 'relevance_score': '0.062597', 'ticker_sentiment_score': '-0.119249', 'ticker_sentiment_label': 'Neutral'}, {'ticker': 'AAPL', 'relevance_score': '0.567746', 'ticker_sentiment_score': '0.204511', 'ticker_sentiment_label': 'Somewhat-Bullish'}, {'ticker': 'BRK-A', 'relevance_score': '0.124809', 'ticker_sentiment_score': '0.210473', 'ticker_sentiment_label': 'Somewhat-Bullish'}]"
2 Monster Stocks to Hold for the Next 5 Years,https://www.fool.com/investing/2025/02/08/2-monster-stocks-to-hold-for-the-next-5-years/,20250208T123900,['Harsh Chauhan'],"One of the best ways to make money in the stock market is by buying and holding solid companies for the long run, as this strategy not only allows investors to take advantage of secular or disruptive trends, but also helps them benefit from the power of compounding.For instance, an investment of ...",https://media.ycharts.com/charts/b2e48ee682c1c7496000fcdff349bab5.png,Motley Fool,n/a,www.fool.com,"[{'topic': 'Retail & Wholesale', 'relevance_score': '0.333333'}, {'topic': 'Financial Markets', 'relevance_score': '0.989041'}, {'topic': 'Manufacturing', 'relevance_score': '0.333333'}, {'topic': 'Earnings', 'relevance_score': '0.999981'}, {'topic': 'Technology', 'relevance_score': '0.333333'}]",0.350636,Bullish,"[{'ticker': 'NFLX', 'relevance_score': '0.038843', 'ticker_sentiment_score': '0.282789', 'ticker_sentiment_label': 'Somewhat-Bullish'}, {'ticker': 'SNEJF', 'relevance_score': '0.038843', 'ticker_sentiment_score': '0.080029', 'ticker_sentiment_label': 'Neutral'}, {'ticker': 'NVDA', 'relevance_score': '0.038843', 'ticker_sentiment_score': '0.080029', 'ticker_sentiment_label': 'Neutral'}, {'ticker': 'AAPL', 'relevance_score': '0.077593', 'ticker_sentiment_score': '0.051596', 'ticker_sentiment_label': 'Neutral'}, {'ticker': 'QCOM', 'relevance_score': '0.038843', 'ticker_sentiment_score': '0.080029', 'ticker_sentiment_label': 'Neutral'}, {'ticker': 'AMZN', 'relevance_score': '0.038843', 'ticker_sentiment_score': '0.282789', 'ticker_sentiment_label': 'Somewhat-Bullish'}, {'ticker': 'PLTR', 'relevance_score': '0.077593', 'ticker_sentiment_score': '0.216513', 'ticker_sentiment_label': 'Somewhat-Bullish'}, {'ticker': 'TSM', 'relevance_score': '0.077593', 'ticker_sentiment_score': '0.084049', 'ticker_sentiment_label': 'Neutral'}]"
"Bill Gates Says Steve Jobs Once Told Him, I Wish You'd 'Take Acid' That Would Enhance Microsoft's Product Design More: 'I Envy Those Skills. I'm Not In His League'",https://www.benzinga.com/tech/25/02/43577868/bill-gates-says-steve-jobs-once-told-him-i-wish-youd-take-acid-that-would-enhance-microsofts-product-design-,20250208T110218,['Ananya Gairola'],"Bill Gates earlier this week disclosed that the late Apple Inc. AAPL co-founder Steve Jobs once suggested that he should have experimented with hallucinogenic drugs to make Microsoft Corp. MSFT products more appealing. What Happened: Gates, the co-founder of Microsoft, shared this anecdote in an ...",https://cdn.benzinga.com/files/images/story/2025/02/08/Bill-Gates-Steve-Jobs.jpeg?width=1200&height=800&fit=crop,Benzinga,News,www.benzinga.com,"[{'topic': 'Technology', 'relevance_score': '1.0'}]",0.252617,Somewhat-Bullish,"[{'ticker': 'MSFT', 'relevance_score': '0.393462', 'ticker_sentiment_score': '0.282319', 'ticker_sentiment_label': 'Somewhat-Bullish'}, {'ticker': 'AAPL', 'relevance_score': '0.48028', 'ticker_sentiment_score': '0.195112', 'ticker_sentiment_label': 'Somewhat-Bullish'}]"
"If You Bought 1 Share of Apple at Its IPO, Here's How Many Shares You Would Own Now",https://www.fool.com/investing/2025/02/08/if-you-bought-1-share-of-apple-at-its-ipo-heres-ho/,20250208T100800,"['CFA', 'Lawrence Rothman']","Apple ( NASDAQ: AAPL ) has been a public company for more than 44 years. It's had a lot of twists and turns since, including the firing and rehiring of founder Steve Jobs. The company's struggles in the 1990s even led to some investors doubting the company's survival. Those days are long gone, ...",https://g.foolcdn.com/image/?url=https%3A%2F%2Fg.foolcdn.com%2Feditorial%2Fimages%2F806147%2Fgettyimages-2155315261-1200x675-128554e.jpg&op=resize&w=700,Motley Fool,n/a,www.fool.com,"[{'topic': 'IPO', 'relevance_score': '0.310843'}, {'topic': 'Financial Markets', 'relevance_score': '0.365926'}, {'topic': 'Earnings', 'relevance_score': '0.495866'}, {'topic': 'Technology', 'relevance_score': '1.0'}]",0.338767,Somewhat-Bullish,"[{'ticker': 'AAPL', 'relevance_score': '0.666827', 'ticker_sentiment_score': '0.533324', 'ticker_sentiment_label': 'Bullish'}]"
Apple Stock Jumps on Artificial Intelligence  ( AI )  Driving iPhone Sales. Here's Why It's Not Getting Crushed by the DeepSeek Launch.,https://www.fool.com/investing/2025/02/08/apple-stock-jumps-on-artificial-intelligence-ai-dr/,20250208T090500,['Jennifer Saibil'],"As Nvidia stock went down, Apple stock went up.",https://g.foolcdn.com/image/?url=https%3A%2F%2Fg.foolcdn.com%2Feditorial%2Fimages%2F806192%2Fa-person-looking-at-a-phone.jpg&op=resize&w=700,Motley Fool,n/a,www.fool.com,"[{'topic': 'Financial Markets', 'relevance_score': '0.538269'}, {'topic': 'Manufacturing', 'relevance_score': '0.5'}, {'topic': 'Earnings', 'relevance_score': '0.999606'}, {'topic': 'Technology', 'relevance_score': '0.5'}]",0.316471,Somewhat-Bullish,"[{'ticker': 'NVDA', 'relevance_score': '0.057628', 'ticker_sentiment_score': '0.0', 'ticker_sentiment_label': 'Neutral'}, {'ticker': 'AAPL', 'relevance_score': '0.652659', 'ticker_sentiment_score': '0.606811', 'ticker_sentiment_label': 'Bullish'}]"
"Gaming Market Size to Grow by USD 100.8 Billion from 2025-2029, Driven by AR and VR Adoption, with a Report on AI's Impact on Market Trends - Technavio",https://www.benzinga.com/pressreleases/25/02/n43576625/gaming-market-size-to-grow-by-usd-100-8-billion-from-2025-2029-driven-by-ar-and-vr-adoption-with-a,20250208T040700,['PRNewswire'],"NEW YORK, Feb. 7, 2025 /PRNewswire/ -- Report on how AI is redefining market landscape - The global gaming market size is estimated to grow by USD 100.8 billion from 2025-2029, according to Technavio. The market is estimated to grow at a CAGR of 8.4% during the forecast period.",https://mma.prnewswire.com/media/2615637/Technavio__announced_its_latest_market_research_report_titled_Global_Gaming_Market_2025_2029.jpg,Benzinga,General,www.benzinga.com,"[{'topic': 'Technology', 'relevance_score': '1.0'}, {'topic': 'Financial Markets', 'relevance_score': '0.108179'}]",0.364326,Bullish,"[{'ticker': 'MSFT', 'relevance_score': '0.021659', 'ticker_sentiment_score': '0.107433', 'ticker_sentiment_label': 'Neutral'}, {'ticker': 'NTES', 'relevance_score': '0.021659', 'ticker_sentiment_score': '0.107433', 'ticker_sentiment_label': 'Neutral'}, {'ticker': 'SNEJF', 'relevance_score': '0.021659', 'ticker_sentiment_score': '0.107433', 'ticker_sentiment_label': 'Neutral'}, {'ticker': 'AAPL', 'relevance_score': '0.021659', 'ticker_sentiment_score': '0.107433', 'ticker_sentiment_label': 'Neutral'}, {'ticker': 'NCBDF', 'relevance_score': '0.021659', 'ticker_sentiment_score': '0.107433', 'ticker_sentiment_label': 'Neutral'}, {'ticker': 'NTDOF', 'relevance_score': '0.021659', 'ticker_sentiment_score': '0.107433', 'ticker_sentiment_label': 'Neutral'}, {'ticker': 'DNACF', 'relevance_score': '0.021659', 'ticker_sentiment_score': '0.107433', 'ticker_sentiment_label': 'Neutral'}, {'ticker': 'SQNXF', 'relevance_score': '0.021659', 'ticker_sentiment_score': '0.107433', 'ticker_sentiment_label': 'Neutral'}, {'ticker': 'UBSFF', 'relevance_score': '0.021659', 'ticker_sentiment_score': '0.107433', 'ticker_sentiment_label': 'Neutral'}, {'ticker': 'EA', 'relevance_score': '0.021659', 'ticker_sentiment_score': '0.107433', 'ticker_sentiment_label': 'Neutral'}, {'ticker': 'DIS', 'relevance_score': '0.021659', 'ticker_sentiment_score': '0.107433', 'ticker_sentiment_label': 'Neutral'}]"
Could Buying Apple Stock Today Set You Up for Life?,https://www.fool.com/investing/2025/02/07/could-buying-apple-stock-today-set-you-up-for-life/,20250207T223000,['Neil Patel'],"As of this writing, Apple ( NASDAQ: AAPL ) carries a gargantuan market cap of $3.4 trillion. This not only rivals the GDP figures of some large nations, but it makes the consumer technology business the world's most valuable enterprise.Apple has surely made its early investors wealthy, as the ...",https://g.foolcdn.com/editorial/images/806348/using-iphone-at-desk-with-apple-watch-on.jpg,Motley Fool,n/a,www.fool.com,"[{'topic': 'Financial Markets', 'relevance_score': '0.214378'}, {'topic': 'Earnings', 'relevance_score': '0.961735'}, {'topic': 'Technology', 'relevance_score': '0.5'}, {'topic': 'Finance', 'relevance_score': '0.5'}]",0.392566,Bullish,"[{'ticker': 'AAPL', 'relevance_score': '0.695257', 'ticker_sentiment_score': '0.545445', 'ticker_sentiment_label': 'Bullish'}, {'ticker': 'AWON', 'relevance_score': '0.062926', 'ticker_sentiment_score': '-0.099264', 'ticker_sentiment_label': 'Neutral'}, {'ticker': 'BRK-A', 'relevance_score': '0.062926', 'ticker_sentiment_score': '0.318779', 'ticker_sentiment_label': 'Somewhat-Bullish'}]"
Broadcom's Trillion-Dollar Run: Analyst Expects ASIC To Take 10%-15% Market Share Backed By AI Compute Demand - Broadcom  ( NASDAQ:AVGO ) ,https://www.benzinga.com/analyst-ratings/analyst-color/25/02/43570410/broadcoms-trillion-dollar-run-analyst-expects-asic-to-take-10-15-market-share-backe,20250207T185051,['Anusuya Lahiri'],"Broadcom joins the trillion-dollar club with a 634% stock surge in 5 years, driven by AI chip demand and strong semiconductor growth. AI boom fuels Broadcom's revenue surge, hitting $51.6B in 2024, with AI revenue up 220% to $12.2B and a major role in future AI chip develop",https://editorial-assets.benzinga.com/wp-content/uploads/2025/02/07115201/newplot-1.png,Benzinga,Trading,www.benzinga.com,"[{'topic': 'Financial Markets', 'relevance_score': '0.980716'}, {'topic': 'Manufacturing', 'relevance_score': '0.333333'}, {'topic': 'Earnings', 'relevance_score': '0.99977'}, {'topic': 'Technology', 'relevance_score': '0.333333'}, {'topic': 'Finance', 'relevance_score': '0.333333'}]",0.164691,Somewhat-Bullish,"[{'ticker': 'SSNLF', 'relevance_score': '0.084423', 'ticker_sentiment_score': '0.107436', 'ticker_sentiment_label': 'Neutral'}, {'ticker': 'GOOG', 'relevance_score': '0.084423', 'ticker_sentiment_score': '-0.06036', 'ticker_sentiment_label': 'Neutral'}, {'ticker': 'META', 'relevance_score': '0.084423', 'ticker_sentiment_score': '0.122028', 'ticker_sentiment_label': 'Neutral'}, {'ticker': 'NVDA', 'relevance_score': '0.167904', 'ticker_sentiment_score': '0.135395', 'ticker_sentiment_label': 'Neutral'}, {'ticker': 'VMW', 'relevance_score': '0.042271', 'ticker_sentiment_score': '0.099619', 'ticker_sentiment_label': 'Neutral'}, {'ticker': 'AAPL', 'relevance_score': '0.126339', 'ticker_sentiment_score': '0.123931', 'ticker_sentiment_label': 'Neutral'}, {'ticker': 'AVGO', 'relevance_score': '0.603594', 'ticker_sentiment_score': '0.255764', 'ticker_sentiment_label': 'Somewhat-Bullish'}, {'ticker': 'INTC', 'relevance_score': '0.084423', 'ticker_sentiment_score': '0.107436', 'ticker_sentiment_label': 'Neutral'}, {'ticker': 'IVZ', 'relevance_score': '0.042271', 'ticker_sentiment_score': '0.265018', 'ticker_sentiment_label': 'Somewhat-Bullish'}, {'ticker': 'ASCCF', 'relevance_score': '0.042271', 'ticker_sentiment_score': '0.088012', 'ticker_sentiment_label': 'Neutral'}, {'ticker': 'TSM', 'relevance_score': '0.084423', 'ticker_sentiment_score': '0.078831', 'ticker_sentiment_label': 'Neutral'}]"
"In-Depth Analysis: Apple Versus Competitors In Technology Hardware, Storage & Peripherals Industry - Apple  ( NASDAQ:AAPL ) ",https://www.benzinga.com/insights/news/25/02/43562131/in-depth-analysis-apple-versus-competitors-in-technology-hardware-storage-amp-peripherals-industry,20250207T150034,['Benzinga Insights'],"Amidst the fast-paced and highly competitive business environment of today, conducting comprehensive company analysis is essential for investors and industry enthusiasts.",https://www.benzinga.com/files/images/story/2025/1738940430_0.png,Benzinga,Trading,www.benzinga.com,"[{'topic': 'Earnings', 'relevance_score': '0.95493'}, {'topic': 'Technology', 'relevance_score': '1.0'}, {'topic': 'Financial Markets', 'relevance_score': '0.5855'}]",0.25472,Somewhat-Bullish,"[{'ticker': 'AAPL', 'relevance_score': '0.567746', 'ticker_sentiment_score': '0.351579', 'ticker_sentiment_label': 'Bullish'}]"
It's Time to Sell Apple Stock. Here's Why.,https://www.fool.com/investing/2025/02/07/its-time-to-sell-apple-stock-heres-why/,20250207T114500,['Keithen Drury'],"While many people still own Apple ( NASDAQ: AAPL ) stock, I think it's time to let it go. The stock has been a stellar performer over the past decade, but all of its recent gains have been due to investors bidding up the stock, rather than actual business performance.Apple produced some very ...",https://media.ycharts.com/charts/60950a754db113e2a0955aa879b9267c.png,Motley Fool,n/a,www.fool.com,"[{'topic': 'Economy - Monetary', 'relevance_score': '0.310843'}, {'topic': 'Financial Markets', 'relevance_score': '0.503496'}, {'topic': 'Earnings', 'relevance_score': '0.938793'}, {'topic': 'Technology', 'relevance_score': '1.0'}]",0.262953,Somewhat-Bullish,"[{'ticker': 'AAPL', 'relevance_score': '0.865306', 'ticker_sentiment_score': '0.476318', 'ticker_sentiment_label': 'Bullish'}]"
"Music Market to Grow by USD 184.69 Billion  ( 2025-2029 ) , Boosted by Growing Digital Music Adoption, AI Driving Market Transformation - Technavio",https://www.benzinga.com/pressreleases/25/02/n43556001/music-market-to-grow-by-usd-184-69-billion-2025-2029-boosted-by-growing-digital-music-adoption-ai-,20250207T113800,['PRNewswire'],"NEW YORK, Feb. 7, 2025 /PRNewswire/ -- Report with the AI impact on market trends - The global music market size is estimated to grow by USD 184.69 billion from 2025-2029, according to Technavio. The market is estimated to grow at a CAGR of 18.1% during the forecast period.",https://mma.prnewswire.com/media/2614326/Global_Music_Market_Infographic.jpg,Benzinga,General,www.benzinga.com,"[{'topic': 'Technology', 'relevance_score': '1.0'}, {'topic': 'Financial Markets', 'relevance_score': '0.108179'}]",0.29407,Somewhat-Bullish,"[{'ticker': 'SNEJF', 'relevance_score': '0.076297', 'ticker_sentiment_score': '0.13879', 'ticker_sentiment_label': 'Neutral'}, {'ticker': 'WMG', 'relevance_score': '0.019102', 'ticker_sentiment_score': '0.051768', 'ticker_sentiment_label': 'Neutral'}, {'ticker': 'GOOG', 'relevance_score': '0.1331', 'ticker_sentiment_score': '0.156464', 'ticker_sentiment_label': 'Somewhat-Bullish'}, {'ticker': 'AAPL', 'relevance_score': '0.019102', 'ticker_sentiment_score': '0.051768', 'ticker_sentiment_label': 'Neutral'}, {'ticker': 'SPOT', 'relevance_score': '0.076297', 'ticker_sentiment_score': '0.13879', 'ticker_sentiment_label': 'Neutral'}, {'ticker': 'UMGNF', 'relevance_score': '0.019102', 'ticker_sentiment_score': '0.051768', 'ticker_sentiment_label': 'Neutral'}, {'ticker': 'VVVNF', 'relevance_score': '0.019102', 'ticker_sentiment_score': '0.051768', 'ticker_sentiment_label': 'Neutral'}, {'ticker': 'SIRI', 'relevance_score': '0.019102', 'ticker_sentiment_score': '0.051768', 'ticker_sentiment_label': 'Neutral'}, {'ticker': 'XIACY', 'relevance_score': '0.019102', 'ticker_sentiment_score': '0.150868', 'ticker_sentiment_label': 'Somewhat-Bullish'}, {'ticker': 'YAMCF', 'relevance_score': '0.019102', 'ticker_sentiment_score': '0.051768', 'ticker_sentiment_label': 'Neutral'}, {'ticker': 'TME', 'relevance_score': '0.038192', 'ticker_sentiment_score': '0.156823', 'ticker_sentiment_label': 'Somewhat-Bullish'}, {'ticker': 'TCTZF', 'relevance_score': '0.114227', 'ticker_sentiment_score': '0.146147', 'ticker_sentiment_label': 'Neutral'}]"
Is First Trust Dow 30 Equal Weight ETF  ( EDOW )  a Strong ETF Right Now?,https://www.zacks.com/stock/news/2411744/is-first-trust-dow-30-equal-weight-etf-edow-a-strong-etf-right-now,20250207T112004,['Zacks Equity Research'],Smart Beta ETF report for ...,https://staticx-tuner.zacks.com/images/default_article_images/default133.jpg,Zacks Commentary,n/a,www.zacks.com,"[{'topic': 'Technology', 'relevance_score': '0.5'}, {'topic': 'Financial Markets', 'relevance_score': '0.999687'}, {'topic': 'Manufacturing', 'relevance_score': '0.5'}]",0.248326,Somewhat-Bullish,"[{'ticker': 'AAPL', 'relevance_score': '0.119235', 'ticker_sentiment_score': '0.066454', 'ticker_sentiment_label': 'Neutral'}, {'ticker': 'BA', 'relevance_score': '0.119235', 'ticker_sentiment_score': '0.066454', 'ticker_sentiment_label': 'Neutral'}, {'ticker': 'CSCO', 'relevance_score': '0.119235', 'ticker_sentiment_score': '0.066454', 'ticker_sentiment_label': 'Neutral'}]"
Is WisdomTree U.S. LargeCap Dividend ETF  ( DLN )  a Strong ETF Right Now?,https://www.zacks.com/stock/news/2411745/is-wisdomtree-us-largecap-dividend-etf-dln-a-strong-etf-right-now,20250207T112003,['Zacks Equity Research'],Smart Beta ETF report for ...,https://staticx-tuner.zacks.com/images/default_article_images/default30.jpg,Zacks Commentary,n/a,www.zacks.com,"[{'topic': 'Technology', 'relevance_score': '1.0'}, {'topic': 'Financial Markets', 'relevance_score': '0.999996'}]",0.253307,Somewhat-Bullish,"[{'ticker': 'MSFT', 'relevance_score': '0.117486', 'ticker_sentiment_score': '0.054819', 'ticker_sentiment_label': 'Neutral'}, {'ticker': 'WT', 'relevance_score': '0.342487', 'ticker_sentiment_score': '0.216826', 'ticker_sentiment_label': 'Somewhat-Bullish'}, {'ticker': 'AAPL', 'relevance_score': '0.117486', 'ticker_sentiment_score': '0.054819', 'ticker_sentiment_label': 'Neutral'}]"
"Video Game Market to Grow by USD 111.7 Billion  ( 2025-2029 ) , Boosted by Smartphone Penetration and Better Internet Access, AI Driving Market Transformation - Technavio",https://www.benzinga.com/pressreleases/25/02/n43555361/video-game-market-to-grow-by-usd-111-7-billion-2025-2029-boosted-by-smartphone-penetration-and-bet,20250207T105400,['PRNewswire'],"NEW YORK, Feb. 7, 2025 /PRNewswire/ -- Report with the AI impact on market trends - The global video game market size is estimated to grow by USD 111.7 billion from 2025-2029, according to Technavio. The market is estimated to grow at a CAGR of 8.6% during the forecast period.",https://mma.prnewswire.com/media/2614311/IRTNTR73571_bw_info_v4.jpg,Benzinga,General,www.benzinga.com,"[{'topic': 'Technology', 'relevance_score': '1.0'}, {'topic': 'Financial Markets', 'relevance_score': '0.108179'}]",0.408101,Bullish,"[{'ticker': 'GOOG', 'relevance_score': '0.021408', 'ticker_sentiment_score': '0.141977', 'ticker_sentiment_label': 'Neutral'}, {'ticker': 'AAPL', 'relevance_score': '0.021408', 'ticker_sentiment_score': '0.074249', 'ticker_sentiment_label': 'Neutral'}, {'ticker': 'NCBDF', 'relevance_score': '0.021408', 'ticker_sentiment_score': '0.074249', 'ticker_sentiment_label': 'Neutral'}, {'ticker': 'NTDOF', 'relevance_score': '0.021408', 'ticker_sentiment_score': '0.074249', 'ticker_sentiment_label': 'Neutral'}, {'ticker': 'ENADF', 'relevance_score': '0.021408', 'ticker_sentiment_score': '0.074249', 'ticker_sentiment_label': 'Neutral'}, {'ticker': 'TCTZF', 'relevance_score': '0.021408', 'ticker_sentiment_score': '0.074249', 'ticker_sentiment_label': 'Neutral'}, {'ticker': 'MSFT', 'relevance_score': '0.021408', 'ticker_sentiment_score': '0.074249', 'ticker_sentiment_label': 'Neutral'}, {'ticker': 'NTES', 'relevance_score': '0.021408', 'ticker_sentiment_score': '0.074249', 'ticker_sentiment_label': 'Neutral'}, {'ticker': 'SNEJF', 'relevance_score': '0.021408', 'ticker_sentiment_score': '0.074249', 'ticker_sentiment_label': 'Neutral'}, {'ticker': 'KNAMF', 'relevance_score': '0.021408', 'ticker_sentiment_score': '0.074249', 'ticker_sentiment_label': 'Neutral'}, {'ticker': 'SGAMF', 'relevance_score': '0.021408', 'ticker_sentiment_score': '0.074249', 'ticker_sentiment_label': 'Neutral'}, {'ticker': 'ARLUF', 'relevance_score': '0.021408', 'ticker_sentiment_score': '0.074249', 'ticker_sentiment_label': 'Neutral'}, {'ticker': 'PLTK', 'relevance_score': '0.021408', 'ticker_sentiment_score': '0.074249', 'ticker_sentiment_label': 'Neutral'}, {'ticker': 'RBLX', 'relevance_score': '0.021408', 'ticker_sentiment_score': '0.074249', 'ticker_sentiment_label': 'Neutral'}, {'ticker': 'EA', 'relevance_score': '0.021408', 'ticker_sentiment_score': '0.074249', 'ticker_sentiment_label': 'Neutral'}, {'ticker': 'CCOEF', 'relevance_score': '0.021408', 'ticker_sentiment_score': '0.074249', 'ticker_sentiment_label': 'Neutral'}, {'ticker': 'TTWO', 'relevance_score': '0.021408', 'ticker_sentiment_score': '0.074249', 'ticker_sentiment_label': 'Neutral'}]"
Here's How Generative AI Factors Into Apple's Plan for Growth,https://www.fool.com/investing/2025/02/07/heres-how-generative-ai-factors-into-apples-plan-f/,20250207T104500,['James Brumley'],"In its usual Apple-esque fashion, this company is building something meant to wow users. It's just going to take some time to do it.",https://g.foolcdn.com/image/?url=https%3A%2F%2Fg.foolcdn.com%2Feditorial%2Fimages%2F806326%2F020425-iphone-sales.png&op=resize&w=700,Motley Fool,n/a,www.fool.com,"[{'topic': 'Financial Markets', 'relevance_score': '0.360215'}, {'topic': 'Manufacturing', 'relevance_score': '0.5'}, {'topic': 'Earnings', 'relevance_score': '0.744043'}, {'topic': 'Technology', 'relevance_score': '0.5'}]",0.249169,Somewhat-Bullish,"[{'ticker': 'MSFT', 'relevance_score': '0.043186', 'ticker_sentiment_score': '-0.037385', 'ticker_sentiment_label': 'Neutral'}, {'ticker': 'NVDA', 'relevance_score': '0.043186', 'ticker_sentiment_score': '-0.037385', 'ticker_sentiment_label': 'Neutral'}, {'ticker': 'AAPL', 'relevance_score': '0.518549', 'ticker_sentiment_score': '0.343171', 'ticker_sentiment_label': 'Somewhat-Bullish'}]"
Warren Buffett Has Two-Thirds of Berkshire Hathaway's $297 Billion Portfolio Invested in 5 Magnificent Stocks,https://www.fool.com/investing/2025/02/07/warren-buffett-two-thirds-297-billion-in-5-stocks/,20250207T095100,['Sean Williams'],Almost $195 billion of Berkshire's invested assets can be traced to five of Buffett's top investing ideas.,https://g.foolcdn.com/image/?url=https%3A%2F%2Fg.foolcdn.com%2Feditorial%2Fimages%2F806355%2Fbuffett11-tmf.jpg&op=resize&w=700,Motley Fool,n/a,www.fool.com,"[{'topic': 'Energy & Transportation', 'relevance_score': '0.25'}, {'topic': 'Technology', 'relevance_score': '0.25'}, {'topic': 'Finance', 'relevance_score': '0.25'}, {'topic': 'Economy - Monetary', 'relevance_score': '0.576289'}, {'topic': 'Financial Markets', 'relevance_score': '0.918141'}, {'topic': 'Manufacturing', 'relevance_score': '0.25'}, {'topic': 'Earnings', 'relevance_score': '0.495866'}]",0.297762,Somewhat-Bullish,"[{'ticker': 'AXP', 'relevance_score': '0.174587', 'ticker_sentiment_score': '0.180841', 'ticker_sentiment_label': 'Somewhat-Bullish'}, {'ticker': 'AAPL', 'relevance_score': '0.174587', 'ticker_sentiment_score': '0.197666', 'ticker_sentiment_label': 'Somewhat-Bullish'}, {'ticker': 'BAC', 'relevance_score': '0.145848', 'ticker_sentiment_score': '0.151484', 'ticker_sentiment_label': 'Somewhat-Bullish'}, {'ticker': 'CVX', 'relevance_score': '0.174587', 'ticker_sentiment_score': '0.184544', 'ticker_sentiment_label': 'Somewhat-Bullish'}, {'ticker': 'KO', 'relevance_score': '0.174587', 'ticker_sentiment_score': '0.20726', 'ticker_sentiment_label': 'Somewhat-Bullish'}, {'ticker': 'BRK-A', 'relevance_score': '0.116914', 'ticker_sentiment_score': '0.123997', 'ticker_sentiment_label': 'Neutral'}]"
Apple's Pixar-Style Smart Tabletop Robot Prototype Has Anime-Like Moves - Here's When You Can Possibly Get One - Apple  ( NASDAQ:AAPL ) ,https://www.benzinga.com/25/02/43554585/apples-pixar-style-smart-tabletop-robot-prototype-has-anime-like-movesheres-when-you-can-possibly-get-one,20250207T094311,['Ananya Gairola'],"Apple Inc. AAPL has made a tabletop robot prototype with lifelike, anime-style movements, hinting at a future home assistant that could blend personality with functionality.",https://cdn.benzinga.com/files/images/story/2025/02/07/Apple-Inc-.jpeg?width=1200&height=800&fit=crop,Benzinga,News,www.benzinga.com,"[{'topic': 'Technology', 'relevance_score': '1.0'}]",0.243577,Somewhat-Bullish,"[{'ticker': 'AAPL', 'relevance_score': '0.474958', 'ticker_sentiment_score': '0.293839', 'ticker_sentiment_label': 'Somewhat-Bullish'}]"
Apple Faces Mounting Pressure From UK Government To Grant Spying Access To Encrypted Data Of Users Worldwide - Apple  ( NASDAQ:AAPL ) ,https://www.benzinga.com/news/global/25/02/43554574/apple-faces-mounting-pressure-from-uk-government-to-grant-spying-access-to-encrypted-data-of-users-wo,20250207T094119,['Rounak Jain'],"Apple Inc. AAPL has reportedly been asked by the UK to create a backdoor for accessing encrypted data of its users worldwide. What Happened: According to a report by The Washington Post, security officials in the UK have demanded that Apple develop a backdoor to access all content uploaded by any ...",https://cdn.benzinga.com/files/images/story/2025/02/07/Apple-Collab-With-Novatek.jpeg?width=1200&height=800&fit=crop,Benzinga,News,www.benzinga.com,"[{'topic': 'Technology', 'relevance_score': '1.0'}]",0.038564,Neutral,"[{'ticker': 'AAPL', 'relevance_score': '0.88183', 'ticker_sentiment_score': '-0.120983', 'ticker_sentiment_label': 'Neutral'}]"
The DeepSeek News Makes Apple's Artificial Intelligence Strategy Look Genius,https://www.fool.com/investing/2025/02/07/deepseek-apple-stock-artificial-intelligence/,20250207T091000,['David Jagielski'],News of a new artificial intelligence ( AI ) large language model ( LLM ) in China that could rival OpenAI's ChatGPT and other top LLMs in North America has some tech investors worried. That's because DeepSeek's LLM was developed on a shoestring budget ( reported at around $6 million ) and its ...,https://g.foolcdn.com/editorial/images/806064/futuristic-image-showing-artificial-intelligence-concepts-next-to-a-persons-face.jpg,Motley Fool,n/a,www.fool.com,"[{'topic': 'Earnings', 'relevance_score': '0.158519'}, {'topic': 'Technology', 'relevance_score': '1.0'}, {'topic': 'Financial Markets', 'relevance_score': '0.684621'}]",0.087697,Neutral,"[{'ticker': 'MSFT', 'relevance_score': '0.054732', 'ticker_sentiment_score': '-0.077814', 'ticker_sentiment_label': 'Neutral'}, {'ticker': 'META', 'relevance_score': '0.054732', 'ticker_sentiment_score': '-0.077814', 'ticker_sentiment_label': 'Neutral'}, {'ticker': 'AAPL', 'relevance_score': '0.589946', 'ticker_sentiment_score': '0.216311', 'ticker_sentiment_label': 'Somewhat-Bullish'}]"
"Alphabet's Verily Sells Granular Insurance To Elevance Health Amid Healthcare Strategy Refocus - Apple  ( NASDAQ:AAPL ) , Elevance Health  ( NYSE:ELV ) ",https://www.benzinga.com/markets/equities/25/02/43552171/alphabets-verily-sells-granular-insurance-to-elevance-health-amid-healthcare-strategy-refocus,20250207T053910,['Kaustubh Bagalkote'],"Verily, Alphabet Inc.'s GOOGL GOOG health technology subsidiary, announced Thursday it will sell its stop-loss insurance business, Granular Insurance Company, to Elevance Health ELV. The deal marks another strategic pivot for the Alphabet unit as it refocuses its healthcare initiatives.",https://cdn.benzinga.com/files/images/story/2025/02/07/Cost-Of-Retirement-Living--Health-Insura.jpeg?width=1200&height=800&fit=crop,Benzinga,Markets,www.benzinga.com,"[{'topic': 'Technology', 'relevance_score': '1.0'}]",0.221236,Somewhat-Bullish,"[{'ticker': 'AAPL', 'relevance_score': '0.126784', 'ticker_sentiment_score': '0.150785', 'ticker_sentiment_label': 'Somewhat-Bullish'}, {'ticker': 'ELV', 'relevance_score': '0.250386', 'ticker_sentiment_score': '0.0', 'ticker_sentiment_label': 'Neutral'}, {'ticker': 'SSREF', 'relevance_score': '0.126784', 'ticker_sentiment_score': '0.105538', 'ticker_sentiment_label': 'Neutral'}]"
"Gaming Market to grow by USD 100.8 Billion from 2025-2029, Driven by rising AR and VR adoption, with AI redefining the market landscape - Technavio",https://www.benzinga.com/pressreleases/25/02/n43551916/gaming-market-to-grow-by-usd-100-8-billion-from-2025-2029-driven-by-rising-ar-and-vr-adoption-with,20250207T052400,['PRNewswire'],"NEW YORK, Feb. 7, 2025 /PRNewswire/ -- Report with market evolution powered by AI - The global gaming market size is estimated to grow by USD 100.8 billion from 2025-2029, according to Technavio. The market is estimated to grow at a CAGR of 8.4% during the forecast period.",https://mma.prnewswire.com/media/2614811/Technavio__announced_its_latest_market_research_report_titled_Global_Gaming_Market_2025_2029_.jpg,Benzinga,General,www.benzinga.com,"[{'topic': 'Technology', 'relevance_score': '1.0'}, {'topic': 'Financial Markets', 'relevance_score': '0.108179'}]",0.351651,Bullish,"[{'ticker': 'MSFT', 'relevance_score': '0.022018', 'ticker_sentiment_score': '0.107664', 'ticker_sentiment_label': 'Neutral'}, {'ticker': 'NTES', 'relevance_score': '0.022018', 'ticker_sentiment_score': '0.107664', 'ticker_sentiment_label': 'Neutral'}, {'ticker': 'SNEJF', 'relevance_score': '0.022018', 'ticker_sentiment_score': '0.107664', 'ticker_sentiment_label': 'Neutral'}, {'ticker': 'AAPL', 'relevance_score': '0.022018', 'ticker_sentiment_score': '0.107664', 'ticker_sentiment_label': 'Neutral'}, {'ticker': 'NCBDF', 'relevance_score': '0.022018', 'ticker_sentiment_score': '0.107664', 'ticker_sentiment_label': 'Neutral'}, {'ticker': 'NTDOF', 'relevance_score': '0.022018', 'ticker_sentiment_score': '0.107664', 'ticker_sentiment_label': 'Neutral'}, {'ticker': 'DNACF', 'relevance_score': '0.022018', 'ticker_sentiment_score': '0.107664', 'ticker_sentiment_label': 'Neutral'}, {'ticker': 'SQNXF', 'relevance_score': '0.022018', 'ticker_sentiment_score': '0.107664', 'ticker_sentiment_label': 'Neutral'}, {'ticker': 'UBSFF', 'relevance_score': '0.022018', 'ticker_sentiment_score': '0.107664', 'ticker_sentiment_label': 'Neutral'}, {'ticker': 'EA', 'relevance_score': '0.022018', 'ticker_sentiment_score': '0.107664', 'ticker_sentiment_label': 'Neutral'}, {'ticker': 'DIS', 'relevance_score': '0.022018', 'ticker_sentiment_score': '0.107664', 'ticker_sentiment_label': 'Neutral'}]"
iPhone SE Could Be Unveiled As Early As Next Week - Apple's Budget Model To Feature iPhone 14 Design And AI Features - Qualcomm  ( NASDAQ:QCOM ) ,https://www.benzinga.com/media/25/02/43550876/iphone-se-could-be-unveiled-as-early-as-next-week-apples-budget-model-to-feature-iphone-14-design-and-ai-fe,20250207T024241,['Ananya Gairola'],"Apple Inc. AAPL is reportedly launching a major update to its budget-friendly iPhone SE in the coming days. What Happened: The announcement is expected as early as next week, with the device hitting the shelves later in February, reported Bloomberg, citing people with knowledge of the matter.",https://cdn.benzinga.com/files/images/story/2025/02/06/iPhone.jpeg?width=1200&height=800&fit=crop,Benzinga,News,www.benzinga.com,"[{'topic': 'Financial Markets', 'relevance_score': '0.214378'}, {'topic': 'Manufacturing', 'relevance_score': '0.5'}, {'topic': 'Earnings', 'relevance_score': '0.108179'}, {'topic': 'Technology', 'relevance_score': '0.5'}]",0.147021,Neutral,"[{'ticker': 'QCOM', 'relevance_score': '0.217834', 'ticker_sentiment_score': '0.16669', 'ticker_sentiment_label': 'Somewhat-Bullish'}, {'ticker': 'AAPL', 'relevance_score': '0.666827', 'ticker_sentiment_score': '0.095389', 'ticker_sentiment_label': 'Neutral'}]"
"Music Production Software Market to Grow by USD 432.8 Million  ( 2025-2029 ) , Boosted by Rising Number of Musicians and Artists, AI Redefining Market Landscape - Technavio",https://www.benzinga.com/pressreleases/25/02/n43550743/music-production-software-market-to-grow-by-usd-432-8-million-2025-2029-boosted-by-rising-number-o,20250207T022800,['PRNewswire'],"NEW YORK, Feb. 6, 2025 /PRNewswire/ -- Report with market evolution powered by AI - The global music production software market size is estimated to grow by USD 432.8 million from 2025-2029, according to Technavio. The market is estimated to grow at a CAGR of almost 7.7% during the forecast ...",https://mma.prnewswire.com/media/2614462/Technavio__Global_Music_Production_Software_Market.jpg,Benzinga,General,www.benzinga.com,"[{'topic': 'Technology', 'relevance_score': '1.0'}]",0.360864,Bullish,"[{'ticker': 'ADBE', 'relevance_score': '0.023933', 'ticker_sentiment_score': '0.040844', 'ticker_sentiment_label': 'Neutral'}, {'ticker': 'YAMCF', 'relevance_score': '0.023933', 'ticker_sentiment_score': '0.040844', 'ticker_sentiment_label': 'Neutral'}, {'ticker': 'AAPL', 'relevance_score': '0.023933', 'ticker_sentiment_score': '0.040844', 'ticker_sentiment_label': 'Neutral'}]"
"Skyworks Hits Roadblock With Apple Content Loss, Analysts See Tough Road For Recovery - Skyworks Solutions  ( NASDAQ:SWKS ) ",https://www.benzinga.com/25/02/43540329/skyworks-faces-tough-road-ahead-analysts-apprehensive-amid-apple-content-loss-and-slower-recovery,20250206T184032,['Nabaparna Bhattacharya'],"Skyworks downgraded by analyst after losing Apple content, with 20-25% reduction expected in iPhone 17, impacting revenue till FY26. Analysts see slow recovery for Skyworks, with Android growth offsetting Apple decline, but competition and 5G risks persist long-term.",https://cdn.benzinga.com/files/images/story/2025/02/06/Price-Action.jpeg?width=1200&height=800&fit=crop,Benzinga,Trading,www.benzinga.com,"[{'topic': 'Financial Markets', 'relevance_score': '0.266143'}, {'topic': 'Manufacturing', 'relevance_score': '0.5'}, {'topic': 'Earnings', 'relevance_score': '0.992549'}, {'topic': 'Technology', 'relevance_score': '0.5'}]",0.18131,Somewhat-Bullish,"[{'ticker': 'AAPL', 'relevance_score': '0.356609', 'ticker_sentiment_score': '-0.036433', 'ticker_sentiment_label': 'Neutral'}, {'ticker': 'AVGO', 'relevance_score': '0.073773', 'ticker_sentiment_score': '-0.084656', 'ticker_sentiment_label': 'Neutral'}, {'ticker': 'BNXYF', 'relevance_score': '0.073773', 'ticker_sentiment_score': '0.322272', 'ticker_sentiment_label': 'Somewhat-Bullish'}]"
5 Sector ETFs Walk a Tightrope Amid Trade Tensions,https://www.zacks.com/stock/news/2411504/5-sector-etfs-walk-a-tightrope-amid-trade-tensions,20250206T180000,['Sanghamitra Saha'],These sectors and their related stocks and ETFs could be under the spotlight amid the escalating trade tensions.,https://staticx-tuner.zacks.com/images/articles/main/ba/1610.jpg,Zacks Commentary,n/a,www.zacks.com,"[{'topic': 'Economy - Monetary', 'relevance_score': '0.310843'}, {'topic': 'Financial Markets', 'relevance_score': '0.980509'}, {'topic': 'Manufacturing', 'relevance_score': '0.333333'}, {'topic': 'Technology', 'relevance_score': '0.333333'}, {'topic': 'Finance', 'relevance_score': '0.333333'}]",0.019135,Neutral,"[{'ticker': 'STZ', 'relevance_score': '0.148426', 'ticker_sentiment_score': '-0.00639', 'ticker_sentiment_label': 'Neutral'}, {'ticker': 'AAPL', 'relevance_score': '0.099271', 'ticker_sentiment_score': '-0.026405', 'ticker_sentiment_label': 'Neutral'}, {'ticker': 'SMDZF', 'relevance_score': '0.049732', 'ticker_sentiment_score': '-0.02899', 'ticker_sentiment_label': 'Neutral'}, {'ticker': 'IVZ', 'relevance_score': '0.049732', 'ticker_sentiment_score': '-0.004972', 'ticker_sentiment_label': 'Neutral'}]"
Sonos Beats Revenue Targets Despite Dip,https://www.fool.com/data-news/2025/02/06/sonos-beats-revenue-targets-despite-dip/,20250206T174141,['JesterAI'],"Sonos reported mixed first-quarter fiscal 2025 results, with revenue and earnings per share beating expectations despite revenue falling year over year.",https://cdn.content.foolcdn.com/images/1umn9qeh/production/0229154863eb954f661212af6db91139ce10752f-600x400.jpg,Motley Fool,n/a,www.fool.com,"[{'topic': 'Financial Markets', 'relevance_score': '0.108179'}, {'topic': 'Manufacturing', 'relevance_score': '0.5'}, {'topic': 'Earnings', 'relevance_score': '0.999346'}, {'topic': 'Technology', 'relevance_score': '0.5'}]",0.239558,Somewhat-Bullish,"[{'ticker': 'AAPL', 'relevance_score': '0.153961', 'ticker_sentiment_score': '0.294056', 'ticker_sentiment_label': 'Somewhat-Bullish'}, {'ticker': 'SONO', 'relevance_score': '0.50325', 'ticker_sentiment_score': '0.527853', 'ticker_sentiment_label': 'Bullish'}]"
"Qualcomm Posts Record Revenue As Analysts Flag Huawei, Tariff Risks - Qualcomm  ( NASDAQ:QCOM ) ",https://www.benzinga.com/news/earnings/earnings-beats/25/02/43534077/qualcomm-posts-record-revenue-as-analysts-flag-huawei-tariff-risks,20250206T155614,['Priya Nigam'],"Qualcomm reported revenues of $11.7B, above consensus of $10.9B, driven by robust QCT performance. The company guided to flat QTL revenue growth, exerting pressure on the stock. NOW OPEN: 200 Charter Memberships to Benzinga Trade Alerts",https://cdn.benzinga.com/files/images/story/2025/02/06/Future-Plans.jpeg?width=1200&height=800&fit=crop,Benzinga,Trading,www.benzinga.com,"[{'topic': 'Financial Markets', 'relevance_score': '0.266143'}, {'topic': 'Manufacturing', 'relevance_score': '0.5'}, {'topic': 'Earnings', 'relevance_score': '0.998947'}, {'topic': 'Technology', 'relevance_score': '0.5'}]",0.242085,Somewhat-Bullish,"[{'ticker': 'SSNLF', 'relevance_score': '0.126119', 'ticker_sentiment_score': '0.252148', 'ticker_sentiment_label': 'Somewhat-Bullish'}, {'ticker': 'SSTK', 'relevance_score': '0.063258', 'ticker_sentiment_score': '0.286651', 'ticker_sentiment_label': 'Somewhat-Bullish'}, {'ticker': 'AAPL', 'relevance_score': '0.126119', 'ticker_sentiment_score': '-0.079053', 'ticker_sentiment_label': 'Neutral'}, {'ticker': 'QCOM', 'relevance_score': '0.697809', 'ticker_sentiment_score': '0.43124', 'ticker_sentiment_label': 'Bullish'}]"
"Industry Comparison: Evaluating Apple Against Competitors In Technology Hardware, Storage & Peripherals Industry - Apple  ( NASDAQ:AAPL ) ",https://www.benzinga.com/insights/news/25/02/43530998/industry-comparison-evaluating-apple-against-competitors-in-technology-hardware-storage-amp-periphe,20250206T150037,['Benzinga Insights'],"In today's rapidly changing and fiercely competitive business landscape, it is vital for investors and industry enthusiasts to carefully evaluate companies. In this article, we will perform a comprehensive industry comparison, evaluating Apple AAPL against its key competitors in the Technology ...",https://www.benzinga.com/files/images/story/2025/1738854033_0.png,Benzinga,Markets,www.benzinga.com,"[{'topic': 'Earnings', 'relevance_score': '0.875462'}, {'topic': 'Technology', 'relevance_score': '1.0'}, {'topic': 'Financial Markets', 'relevance_score': '0.692272'}]",0.273402,Somewhat-Bullish,"[{'ticker': 'AAPL', 'relevance_score': '0.604961', 'ticker_sentiment_score': '0.397465', 'ticker_sentiment_label': 'Bullish'}]"
"JAMF Stock: Apple Adoption, Rule Of 40 Could Unlock 29% Upside, Says JPMorgan - Jamf Holding  ( NASDAQ:JAMF ) ",https://www.benzinga.com/25/02/43530552/jamf-stock-apple-adoption-rule-of-40-could-unlock-29-upside-says-jpmorgan,20250206T145158,['Surbhi Jain'],"JPMorgan sees 29% upside for JAMF stock as Apple enterprise adoption grows and valuation re-rates. JAMF's Rule of 40 potential and security-driven growth could drive a significant earnings rebound. Next: Access Our New, Shockingly Simple 'Alert System'",https://cdn.benzinga.com/files/images/story/2025/02/06/Munich--Bavaria--Germany---March-31-2023.jpeg?width=1200&height=800&fit=crop,Benzinga,Trading,www.benzinga.com,"[{'topic': 'Earnings', 'relevance_score': '0.980716'}, {'topic': 'Technology', 'relevance_score': '1.0'}, {'topic': 'Financial Markets', 'relevance_score': '0.266143'}]",0.288421,Somewhat-Bullish,"[{'ticker': 'AAPL', 'relevance_score': '0.249531', 'ticker_sentiment_score': '0.180119', 'ticker_sentiment_label': 'Somewhat-Bullish'}, {'ticker': 'JAMF', 'relevance_score': '0.710888', 'ticker_sentiment_score': '0.337971', 'ticker_sentiment_label': 'Somewhat-Bullish'}]"
Disney's Streaming Profits Grow in Q1: How to Play the Stock,https://www.zacks.com/stock/news/2411035/disneys-streaming-profits-grow-in-q1-how-to-play-the-stock,20250206T142400,['Vasundhara Sawalka'],"DIS' streaming success signals strong potential, but near-term headwinds suggest patience, indicating investors to hold the stock as the transformation unfolds in 2025.",https://staticx-tuner.zacks.com/images/articles/main/18/1849.jpg,Zacks Commentary,n/a,www.zacks.com,"[{'topic': 'Retail & Wholesale', 'relevance_score': '0.5'}, {'topic': 'Financial Markets', 'relevance_score': '0.503496'}, {'topic': 'Earnings', 'relevance_score': '0.917436'}, {'topic': 'Technology', 'relevance_score': '0.5'}]",0.463285,Bullish,"[{'ticker': 'NFLX', 'relevance_score': '0.07913', 'ticker_sentiment_score': '0.216955', 'ticker_sentiment_label': 'Somewhat-Bullish'}, {'ticker': 'AAPL', 'relevance_score': '0.118452', 'ticker_sentiment_score': '0.242232', 'ticker_sentiment_label': 'Somewhat-Bullish'}, {'ticker': 'FUBO', 'relevance_score': '0.039614', 'ticker_sentiment_score': '0.114882', 'ticker_sentiment_label': 'Neutral'}, {'ticker': 'AMZN', 'relevance_score': '0.118452', 'ticker_sentiment_score': '0.242232', 'ticker_sentiment_label': 'Somewhat-Bullish'}]"
Should Investors Change Their Artificial Intelligence  ( AI )  Investment Strategy After the DeepSeek Launch?,https://www.fool.com/investing/2025/02/06/investors-ai-strategy-deepseek/,20250206T130000,['Jennifer Saibil'],"Artificial intelligence ( AI ) has been center stage for the past few years and has driven recent gains in the stock market. Eight out of the nine most valuable companies in the world are directly or indirectly investing in AI programs, and these companies also account for a large amount of the ...",https://g.foolcdn.com/editorial/images/806193/2-people-looking-at-virtual-reality-goggles.jpg,Motley Fool,n/a,www.fool.com,"[{'topic': 'Retail & Wholesale', 'relevance_score': '0.25'}, {'topic': 'Financial Markets', 'relevance_score': '0.999996'}, {'topic': 'Manufacturing', 'relevance_score': '0.25'}, {'topic': 'Technology', 'relevance_score': '0.25'}, {'topic': 'Finance', 'relevance_score': '0.25'}, {'topic': 'Blockchain', 'relevance_score': '0.310843'}]",0.262225,Somewhat-Bullish,"[{'ticker': 'MSFT', 'relevance_score': '0.045224', 'ticker_sentiment_score': '0.094413', 'ticker_sentiment_label': 'Neutral'}, {'ticker': 'META', 'relevance_score': '0.045224', 'ticker_sentiment_score': '0.094413', 'ticker_sentiment_label': 'Neutral'}, {'ticker': 'NVDA', 'relevance_score': '0.390227', 'ticker_sentiment_score': '0.297927', 'ticker_sentiment_label': 'Somewhat-Bullish'}, {'ticker': 'AAPL', 'relevance_score': '0.045224', 'ticker_sentiment_score': '0.094413', 'ticker_sentiment_label': 'Neutral'}, {'ticker': 'IVZ', 'relevance_score': '0.090304', 'ticker_sentiment_score': '0.166391', 'ticker_sentiment_label': 'Somewhat-Bullish'}, {'ticker': 'AMZN', 'relevance_score': '0.045224', 'ticker_sentiment_score': '0.094413', 'ticker_sentiment_label': 'Neutral'}]"
Should You Invest in the Vanguard Information Technology ETF  ( VGT ) ?,https://www.zacks.com/stock/news/2410698/should-you-invest-in-the-vanguard-information-technology-etf-vgt,20250206T112008,['Zacks Equity Research'],Sector ETF report for ...,https://staticx-tuner.zacks.com/images/default_article_images/default134.jpg,Zacks Commentary,n/a,www.zacks.com,"[{'topic': 'Technology', 'relevance_score': '0.5'}, {'topic': 'Financial Markets', 'relevance_score': '0.999999'}, {'topic': 'Manufacturing', 'relevance_score': '0.5'}]",0.136371,Neutral,"[{'ticker': 'MSFT', 'relevance_score': '0.135347', 'ticker_sentiment_score': '0.071708', 'ticker_sentiment_label': 'Neutral'}, {'ticker': 'NVDA', 'relevance_score': '0.135347', 'ticker_sentiment_score': '0.071708', 'ticker_sentiment_label': 'Neutral'}, {'ticker': 'AAPL', 'relevance_score': '0.135347', 'ticker_sentiment_score': '0.071708', 'ticker_sentiment_label': 'Neutral'}]"
Should Invesco NASDAQ 100 ETF  ( QQQM )  Be on Your Investing Radar?,https://www.zacks.com/stock/news/2410696/should-invesco-nasdaq-100-etf-qqqm-be-on-your-investing-radar,20250206T112008,['Zacks Equity Research'],Style Box ETF report for ...,https://staticx-tuner.zacks.com/images/default_article_images/default279.jpg,Zacks Commentary,n/a,www.zacks.com,"[{'topic': 'Financial Markets', 'relevance_score': '0.999998'}, {'topic': 'Manufacturing', 'relevance_score': '0.333333'}, {'topic': 'Earnings', 'relevance_score': '0.310843'}, {'topic': 'Technology', 'relevance_score': '0.333333'}, {'topic': 'Finance', 'relevance_score': '0.333333'}]",0.224701,Somewhat-Bullish,"[{'ticker': 'MSFT', 'relevance_score': '0.123209', 'ticker_sentiment_score': '0.068541', 'ticker_sentiment_label': 'Neutral'}, {'ticker': 'NVDA', 'relevance_score': '0.123209', 'ticker_sentiment_score': '0.068541', 'ticker_sentiment_label': 'Neutral'}, {'ticker': 'AAPL', 'relevance_score': '0.123209', 'ticker_sentiment_score': '0.068541', 'ticker_sentiment_label': 'Neutral'}, {'ticker': 'IVZ', 'relevance_score': '0.301686', 'ticker_sentiment_score': '0.225707', 'ticker_sentiment_label': 'Somewhat-Bullish'}]"
Should iShares S&P 500 Growth ETF  ( IVW )  Be on Your Investing Radar?,https://www.zacks.com/stock/news/2410702/should-ishares-sp-500-growth-etf-ivw-be-on-your-investing-radar,20250206T112007,['Zacks Equity Research'],Style Box ETF report for ...,https://staticx-tuner.zacks.com/images/default_article_images/default71.jpg,Zacks Commentary,n/a,www.zacks.com,"[{'topic': 'Financial Markets', 'relevance_score': '1.0'}, {'topic': 'Manufacturing', 'relevance_score': '0.333333'}, {'topic': 'Earnings', 'relevance_score': '0.310843'}, {'topic': 'Technology', 'relevance_score': '0.333333'}, {'topic': 'Finance', 'relevance_score': '0.333333'}]",0.312852,Somewhat-Bullish,"[{'ticker': 'MSFT', 'relevance_score': '0.125134', 'ticker_sentiment_score': '0.069019', 'ticker_sentiment_label': 'Neutral'}, {'ticker': 'NVDA', 'relevance_score': '0.125134', 'ticker_sentiment_score': '0.069019', 'ticker_sentiment_label': 'Neutral'}, {'ticker': 'AAPL', 'relevance_score': '0.125134', 'ticker_sentiment_score': '0.069019', 'ticker_sentiment_label': 'Neutral'}, {'ticker': 'IVZ', 'relevance_score': '0.125134', 'ticker_sentiment_score': '0.104891', 'ticker_sentiment_label': 'Neutral'}]"
Should Goldman Sachs ActiveBeta U.S. Large Cap Equity ETF  ( GSLC )  Be on Your Investing Radar?,https://www.zacks.com/stock/news/2410705/should-goldman-sachs-activebeta-us-large-cap-equity-etf-gslc-be-on-your-investing-radar,20250206T112006,['Zacks Equity Research'],Style Box ETF report for ...,https://staticx-tuner.zacks.com/images/default_article_images/default251.jpg,Zacks Commentary,n/a,www.zacks.com,"[{'topic': 'Financial Markets', 'relevance_score': '1.0'}, {'topic': 'Manufacturing', 'relevance_score': '0.333333'}, {'topic': 'Technology', 'relevance_score': '0.333333'}, {'topic': 'Finance', 'relevance_score': '0.333333'}]",0.170757,Somewhat-Bullish,"[{'ticker': 'MSFT', 'relevance_score': '0.12645', 'ticker_sentiment_score': '0.069352', 'ticker_sentiment_label': 'Neutral'}, {'ticker': 'NVDA', 'relevance_score': '0.12645', 'ticker_sentiment_score': '0.069352', 'ticker_sentiment_label': 'Neutral'}, {'ticker': 'AAPL', 'relevance_score': '0.12645', 'ticker_sentiment_score': '0.069352', 'ticker_sentiment_label': 'Neutral'}, {'ticker': 'GS', 'relevance_score': '0.30928', 'ticker_sentiment_score': '0.127685', 'ticker_sentiment_label': 'Neutral'}]"
Got 10 Years and $1000? These 3 Artificial Intelligence  ( AI )  Stocks Are Set to Soar.,https://www.fool.com/investing/2025/02/06/got-10-years-and-1000-these-3-artificial-intellige/,20250206T105300,['Justin Pope'],Investing with a longer time horizon empowers investors to zoom out and focus on the big picture. These companies are poised to thrive over the next decade.,https://g.foolcdn.com/editorial/images/805084/ai-stocks-long-term.jpg,Motley Fool,n/a,www.fool.com,"[{'topic': 'Technology', 'relevance_score': '1.0'}, {'topic': 'Financial Markets', 'relevance_score': '0.796627'}]",0.260149,Somewhat-Bullish,"[{'ticker': 'GOOG', 'relevance_score': '0.047654', 'ticker_sentiment_score': '0.178697', 'ticker_sentiment_label': 'Somewhat-Bullish'}, {'ticker': 'META', 'relevance_score': '0.095138', 'ticker_sentiment_score': '0.189563', 'ticker_sentiment_label': 'Somewhat-Bullish'}, {'ticker': 'AAPL', 'relevance_score': '0.28008', 'ticker_sentiment_score': '0.315706', 'ticker_sentiment_label': 'Somewhat-Bullish'}, {'ticker': 'PLTR', 'relevance_score': '0.095138', 'ticker_sentiment_score': '0.109248', 'ticker_sentiment_label': 'Neutral'}]"
"Apple's M5 Chip Enters Mass Production, Set To Power Upcoming MacBook Pro, iPad Pro And Vision Pro: Report Apple's M5 Chip Enters Production At Scale, Set To Boost Macbook Pro, IPad Pro, And Vision Pro - Apple  ( NASDAQ:AAPL ) , Amkor Tech  ( NASDAQ:AMKR ) ",https://www.benzinga.com/markets/25/02/43521639/apples-m5-chip-enters-mass-production-set-to-power-upcoming-macbook-pro-ipad-pro-and-vision-pro-report,20250206T101953,['Namrata Sen'],"The M5 chip, which is projected to power Apple Inc.'s AAPL upcoming MacBook Pro, iPad Pro, and Vision Pro, has reportedly entered mass production. What Happened: The M5 chip is now being produced at scale, with Apple reportedly utilizing new process technology to boost AI performance, according ...",https://cdn.benzinga.com/files/images/story/2025/02/06/Apple-Raises-Monthly-AppleCare-Prices-Fo.jpeg?width=1200&height=800&fit=crop,Benzinga,Markets,www.benzinga.com,"[{'topic': 'Technology', 'relevance_score': '0.5'}, {'topic': 'Manufacturing', 'relevance_score': '0.5'}]",0.3596,Bullish,"[{'ticker': 'AMKR', 'relevance_score': '0.18602', 'ticker_sentiment_score': '0.022467', 'ticker_sentiment_label': 'Neutral'}, {'ticker': 'AAPL', 'relevance_score': '0.589793', 'ticker_sentiment_score': '0.471684', 'ticker_sentiment_label': 'Bullish'}]"
"DeepSeek's AI Model Drives Surge In Chinese Tech Stocks, Closing Gap With US 'Magnificent Seven' - Apple  ( NASDAQ:AAPL ) , Amazon.com  ( NASDAQ:AMZN ) ",https://www.benzinga.com/markets/25/02/43520950/deepseeks-ai-model-drives-surge-in-chinese-tech-stocks-closing-gap-with-us-magnificent-seven,20250206T091810,['Namrata Sen'],"Chinese technology stocks are witnessing a surge, spearheaded by DeepSeek, thereby closing the valuation gap with the U.S. 'Magnificent Seven.' What Happened: The Hang Seng Tech Index, which includes major players like Tencent Holdings TCEHY, Alibaba Group Holding BABA and Xiaomi, neared a ...",https://cdn.benzinga.com/files/images/story/2025/02/06/6-Best-Chinese-Stocks-To-Buy-In-2024.jpeg?width=1200&height=800&fit=crop,Benzinga,Markets,www.benzinga.com,"[{'topic': 'Retail & Wholesale', 'relevance_score': '0.25'}, {'topic': 'Financial Markets', 'relevance_score': '0.962106'}, {'topic': 'Manufacturing', 'relevance_score': '0.25'}, {'topic': 'Earnings', 'relevance_score': '0.158519'}, {'topic': 'Technology', 'relevance_score': '0.25'}, {'topic': 'Finance', 'relevance_score': '0.25'}]",0.194969,Somewhat-Bullish,"[{'ticker': 'BABA', 'relevance_score': '0.147818', 'ticker_sentiment_score': '-0.076697', 'ticker_sentiment_label': 'Neutral'}, {'ticker': 'MSFT', 'relevance_score': '0.147818', 'ticker_sentiment_score': '-0.051376', 'ticker_sentiment_label': 'Neutral'}, {'ticker': 'META', 'relevance_score': '0.147818', 'ticker_sentiment_score': '-0.051376', 'ticker_sentiment_label': 'Neutral'}, {'ticker': 'NVDA', 'relevance_score': '0.220141', 'ticker_sentiment_score': '-0.079869', 'ticker_sentiment_label': 'Neutral'}, {'ticker': 'AAPL', 'relevance_score': '0.147818', 'ticker_sentiment_score': '-0.051376', 'ticker_sentiment_label': 'Neutral'}, {'ticker': 'TSLA', 'relevance_score': '0.147818', 'ticker_sentiment_score': '-0.051376', 'ticker_sentiment_label': 'Neutral'}, {'ticker': 'SZIHF', 'relevance_score': '0.07423', 'ticker_sentiment_score': '0.175649', 'ticker_sentiment_label': 'Somewhat-Bullish'}, {'ticker': 'IVZ', 'relevance_score': '0.07423', 'ticker_sentiment_score': '-0.06753', 'ticker_sentiment_label': 'Neutral'}, {'ticker': 'XIACY', 'relevance_score': '0.07423', 'ticker_sentiment_score': '-0.060758', 'ticker_sentiment_label': 'Neutral'}, {'ticker': 'AMZN', 'relevance_score': '0.147818', 'ticker_sentiment_score': '-0.051376', 'ticker_sentiment_label': 'Neutral'}, {'ticker': 'TCTZF', 'relevance_score': '0.07423', 'ticker_sentiment_score': '-0.060758', 'ticker_sentiment_label': 'Neutral'}]"
"Online Gaming Market to Grow by USD 120.2 Million  ( 2025-2029 )  with Rising Popularity of E-Sports Boosting the Market, Report on AI Impact on Market Trends - Technavio",https://www.benzinga.com/pressreleases/25/02/n43520608/online-gaming-market-to-grow-by-usd-120-2-million-2025-2029-with-rising-popularity-of-e-sports-boo,20250206T083100,['PRNewswire'],"NEW YORK, Feb. 6, 2025 /PRNewswire/ -- Report on how AI is redefining market landscape - The global online gaming market size is estimated to grow by USD 120.2 million from 2025-2029, according to Technavio. The market is estimated to grow at a CAGR of 18.8% during the forecast period.",https://mma.prnewswire.com/media/2613282/GLOBAL_ONLINE_GAMING_MARKET_REPORT.jpg,Benzinga,General,www.benzinga.com,"[{'topic': 'Financial Markets', 'relevance_score': '0.161647'}, {'topic': 'Earnings', 'relevance_score': '0.108179'}, {'topic': 'Technology', 'relevance_score': '1.0'}, {'topic': 'Blockchain', 'relevance_score': '0.451494'}]",0.241093,Somewhat-Bullish,"[{'ticker': 'AAPL', 'relevance_score': '0.019748', 'ticker_sentiment_score': '0.163162', 'ticker_sentiment_label': 'Somewhat-Bullish'}, {'ticker': 'NCBDF', 'relevance_score': '0.019748', 'ticker_sentiment_score': '0.163162', 'ticker_sentiment_label': 'Somewhat-Bullish'}, {'ticker': 'NTDOF', 'relevance_score': '0.019748', 'ticker_sentiment_score': '0.163162', 'ticker_sentiment_label': 'Somewhat-Bullish'}, {'ticker': 'GREZF', 'relevance_score': '0.019748', 'ticker_sentiment_score': '0.163162', 'ticker_sentiment_label': 'Somewhat-Bullish'}, {'ticker': 'SQNXF', 'relevance_score': '0.019748', 'ticker_sentiment_score': '0.163162', 'ticker_sentiment_label': 'Somewhat-Bullish'}, {'ticker': 'UBSFF', 'relevance_score': '0.019748', 'ticker_sentiment_score': '0.163162', 'ticker_sentiment_label': 'Somewhat-Bullish'}, {'ticker': 'TCTZF', 'relevance_score': '0.019748', 'ticker_sentiment_score': '0.163162', 'ticker_sentiment_label': 'Somewhat-Bullish'}, {'ticker': 'NTES', 'relevance_score': '0.019748', 'ticker_sentiment_score': '0.163162', 'ticker_sentiment_label': 'Somewhat-Bullish'}, {'ticker': 'SNEJF', 'relevance_score': '0.019748', 'ticker_sentiment_score': '0.163162', 'ticker_sentiment_label': 'Somewhat-Bullish'}, {'ticker': 'NEXOF', 'relevance_score': '0.019748', 'ticker_sentiment_score': '0.163162', 'ticker_sentiment_label': 'Somewhat-Bullish'}, {'ticker': 'EA', 'relevance_score': '0.019748', 'ticker_sentiment_score': '0.163162', 'ticker_sentiment_label': 'Somewhat-Bullish'}, {'ticker': 'CCOEF', 'relevance_score': '0.019748', 'ticker_sentiment_score': '0.163162', 'ticker_sentiment_label': 'Somewhat-Bullish'}, {'ticker': 'TTWO', 'relevance_score': '0.019748', 'ticker_sentiment_score': '0.163162', 'ticker_sentiment_label': 'Somewhat-Bullish'}]"
Jeff Bezos' $10 Billion Earth Fund Pulls Support From Key Climate Initiative: What Happened? Amazon Founder Jeff Bezos' $10B Earth Fund Halts Backing For Prominent Climate Initiative: What Happened? - Amazon.com  ( NASDAQ:AMZN ) ,https://www.benzinga.com/markets/25/02/43519586/jeff-bezos-10b-earth-fund-pulls-support-from-key-climate-initiative-what-happened,20250206T072130,['Namrata Sen'],"The Earth Fund-a $10 billion initiative founded by Amazon.com Inc. AMZN founder Jeff Bezos-has discontinued its support for the Science Based Targets initiative ( SBTi ) , a major verifier of corporate climate goals that influences how companies like Apple Inc. AAPL and H&M attain a ""net zero"" ...",https://cdn.benzinga.com/files/images/story/2025/02/06/Trump-Memecoin-Achieved-This-Valuation-M_0.jpeg?width=1200&height=800&fit=crop,Benzinga,Markets,www.benzinga.com,"[{'topic': 'Technology', 'relevance_score': '0.333333'}, {'topic': 'Retail & Wholesale', 'relevance_score': '0.333333'}, {'topic': 'Manufacturing', 'relevance_score': '0.333333'}]",0.173599,Somewhat-Bullish,"[{'ticker': 'NYT', 'relevance_score': '0.100308', 'ticker_sentiment_score': '0.13388', 'ticker_sentiment_label': 'Neutral'}, {'ticker': 'AAPL', 'relevance_score': '0.199037', 'ticker_sentiment_score': '0.022076', 'ticker_sentiment_label': 'Neutral'}, {'ticker': 'AMZN', 'relevance_score': '0.294682', 'ticker_sentiment_score': '0.035856', 'ticker_sentiment_label': 'Neutral'}]"
"Music Production Software Market to Grow by USD 432.8 Million by 2029, Rising Musicians and Artists Boost Market, Report on How AI is Driving Transformation - Technavio",https://www.benzinga.com/pressreleases/25/02/n43518161/music-production-software-market-to-grow-by-usd-432-8-million-by-2029-rising-musicians-and-artists,20250206T035600,['PRNewswire'],"NEW YORK, Feb. 5, 2025 /PRNewswire/ -- Report with the AI impact on market trends - The global music production software market size is estimated to grow by USD 432.8 million from 2025-2029, according to Technavio. The market is estimated to grow at a CAGR of almost 7.7% during the forecast ...",https://mma.prnewswire.com/media/2612167/GLOBAL_MUSIC_PRODUCTION_SOFTWARE_MARKET_REPORT.jpg,Benzinga,General,www.benzinga.com,"[{'topic': 'Technology', 'relevance_score': '1.0'}]",0.360863,Bullish,"[{'ticker': 'ADBE', 'relevance_score': '0.023957', 'ticker_sentiment_score': '0.04085', 'ticker_sentiment_label': 'Neutral'}, {'ticker': 'YAMCF', 'relevance_score': '0.023957', 'ticker_sentiment_score': '0.04085', 'ticker_sentiment_label': 'Neutral'}, {'ticker': 'AAPL', 'relevance_score': '0.023957', 'ticker_sentiment_score': '0.04085', 'ticker_sentiment_label': 'Neutral'}]"
"Television Market to Grow by USD 73.1 Billion by 2029, Product Innovation, Portfolio Extension, and Premiumization Boost Market, AI-Driven Report - Technavio",https://www.benzinga.com/pressreleases/25/02/n43518082/television-market-to-grow-by-usd-73-1-billion-by-2029-product-innovation-portfolio-extension-and-p,20250206T034500,['PRNewswire'],"NEW YORK, Feb. 5, 2025 /PRNewswire/ -- Report with market evolution powered by AI - The global television market size is estimated to grow by USD 73.1 billion from 2025-2029, according to Technavio. The market is estimated to grow at a CAGR of over 8.2% during the forecast period.",https://mma.prnewswire.com/media/2612163/Global_Television_Market_Infographic.jpg,Benzinga,General,www.benzinga.com,"[{'topic': 'Technology', 'relevance_score': '1.0'}, {'topic': 'Financial Markets', 'relevance_score': '0.614606'}]",0.207262,Somewhat-Bullish,"[{'ticker': 'NFLX', 'relevance_score': '0.044843', 'ticker_sentiment_score': '0.03878', 'ticker_sentiment_label': 'Neutral'}, {'ticker': 'SHCAF', 'relevance_score': '0.022431', 'ticker_sentiment_score': '0.0', 'ticker_sentiment_label': 'Neutral'}, {'ticker': 'SNEJF', 'relevance_score': '0.044843', 'ticker_sentiment_score': '0.054038', 'ticker_sentiment_label': 'Neutral'}, {'ticker': 'SSNLF', 'relevance_score': '0.044843', 'ticker_sentiment_score': '0.054038', 'ticker_sentiment_label': 'Neutral'}, {'ticker': 'AAPL', 'relevance_score': '0.022431', 'ticker_sentiment_score': '0.0', 'ticker_sentiment_label': 'Neutral'}, {'ticker': 'SWDHF', 'relevance_score': '0.022431', 'ticker_sentiment_score': '0.0', 'ticker_sentiment_label': 'Neutral'}, {'ticker': 'PCRFF', 'relevance_score': '0.022431', 'ticker_sentiment_score': '0.0', 'ticker_sentiment_label': 'Neutral'}, {'ticker': 'XIACY', 'relevance_score': '0.022431', 'ticker_sentiment_score': '0.0', 'ticker_sentiment_label': 'Neutral'}, {'ticker': 'HSHCY', 'relevance_score': '0.022431', 'ticker_sentiment_score': '0.0', 'ticker_sentiment_label': 'Neutral'}]"
"Amazon's 'Remarkable Alexa' Is Coming-Here's What To Expect From The AI Overhaul And Its Potential $10 Monthly Fee - Apple  ( NASDAQ:AAPL ) , Amazon.com  ( NASDAQ:AMZN ) ",https://www.benzinga.com/media/25/02/43517995/amazons-remarkable-alexa-is-coming-heres-what-to-expect-from-the-ai-overhaul-and-its-potential-10-monthly-f,20250206T032527,['Ananya Gairola'],"Amazon.com, Inc. AMZN is gearing up to introduce a major AI upgrade to its Alexa voice assistant with a press event reportedly in New York on Feb. 26. What Happened: Internally known as ""Banyan"" or ""Remarkable Alexa,"" the upgrade has experienced delays due to concerns about response quality and ...",https://cdn.benzinga.com/files/images/story/2025/02/05/Amazon-Visa-Credit-Card.jpeg?width=1200&height=800&fit=crop,Benzinga,News,www.benzinga.com,"[{'topic': 'Retail & Wholesale', 'relevance_score': '0.333333'}, {'topic': 'Financial Markets', 'relevance_score': '0.161647'}, {'topic': 'Technology', 'relevance_score': '0.333333'}, {'topic': 'Finance', 'relevance_score': '0.333333'}]",0.177666,Somewhat-Bullish,"[{'ticker': 'GOOG', 'relevance_score': '0.195814', 'ticker_sentiment_score': '0.190064', 'ticker_sentiment_label': 'Somewhat-Bullish'}, {'ticker': 'AAPL', 'relevance_score': '0.290033', 'ticker_sentiment_score': '0.347552', 'ticker_sentiment_label': 'Somewhat-Bullish'}, {'ticker': 'BAC', 'relevance_score': '0.098659', 'ticker_sentiment_score': '-0.03438', 'ticker_sentiment_label': 'Neutral'}, {'ticker': 'AMZN', 'relevance_score': '0.195814', 'ticker_sentiment_score': '0.113473', 'ticker_sentiment_label': 'Neutral'}]"
"Elon Musk's Lenders Cash In $5.5 Billion On Thanks To Investor Demand For X Loans: Report - Apple  ( NASDAQ:AAPL ) , Amazon.com  ( NASDAQ:AMZN ) ",https://www.benzinga.com/general/social-media/25/02/43517095/elon-musks-lenders-cash-in-55-billion-on-thanks-to-investor-demand-for-x-loans-report,20250206T011926,['Kaustubh Bagalkote'],"Banks have successfully sold $5.5 billion in loans tied to X Corp., the social media platform owned by Elon Musk, amid surging investor demand.",https://cdn.benzinga.com/files/images/story/2025/02/05/Twitter-X.jpeg?width=1200&height=800&fit=crop,Benzinga,Markets,www.benzinga.com,"[{'topic': 'Economy - Monetary', 'relevance_score': '0.158519'}, {'topic': 'Retail & Wholesale', 'relevance_score': '0.333333'}, {'topic': 'Financial Markets', 'relevance_score': '0.108179'}, {'topic': 'Technology', 'relevance_score': '0.333333'}, {'topic': 'Finance', 'relevance_score': '0.333333'}]",0.201322,Somewhat-Bullish,"[{'ticker': 'AAPL', 'relevance_score': '0.101154', 'ticker_sentiment_score': '0.095914', 'ticker_sentiment_label': 'Neutral'}, {'ticker': 'BCS', 'relevance_score': '0.200688', 'ticker_sentiment_score': '0.042518', 'ticker_sentiment_label': 'Neutral'}, {'ticker': 'BAC', 'relevance_score': '0.200688', 'ticker_sentiment_score': '0.042518', 'ticker_sentiment_label': 'Neutral'}, {'ticker': 'AMZN', 'relevance_score': '0.101154', 'ticker_sentiment_score': '0.095914', 'ticker_sentiment_label': 'Neutral'}, {'ticker': 'MS', 'relevance_score': '0.297061', 'ticker_sentiment_score': '0.204294', 'ticker_sentiment_label': 'Somewhat-Bullish'}, {'ticker': 'FOREX:USD', 'relevance_score': '0.101154', 'ticker_sentiment_score': '0.10127', 'ticker_sentiment_label': 'Neutral'}]"
"Elon Musk's Lenders Cash In $5.5 Billion Thanks To Investor Demand For X Loans: Report - Apple  ( NASDAQ:AAPL ) , Amazon.com  ( NASDAQ:AMZN ) ",https://www.benzinga.com/general/social-media/25/02/43517095/elon-musks-lenders-cash-in-5-5-billion-on-thanks-to-investor-demand-for-x-loans-report,20250206T011919,['Kaustubh Bagalkote'],"Banks have successfully sold $5.5 billion in loans tied to X Corp., the social media platform owned by Elon Musk, amid surging investor demand.",https://cdn.benzinga.com/files/images/story/2025/02/06/Twitter-X.jpeg?width=1200&height=800&fit=crop,Benzinga,Markets,www.benzinga.com,"[{'topic': 'Economy - Monetary', 'relevance_score': '0.158519'}, {'topic': 'Retail & Wholesale', 'relevance_score': '0.333333'}, {'topic': 'Financial Markets', 'relevance_score': '0.108179'}, {'topic': 'Technology', 'relevance_score': '0.333333'}, {'topic': 'Finance', 'relevance_score': '0.333333'}]",0.201322,Somewhat-Bullish,"[{'ticker': 'AAPL', 'relevance_score': '0.101154', 'ticker_sentiment_score': '0.095914', 'ticker_sentiment_label': 'Neutral'}, {'ticker': 'BCS', 'relevance_score': '0.200688', 'ticker_sentiment_score': '0.042518', 'ticker_sentiment_label': 'Neutral'}, {'ticker': 'BAC', 'relevance_score': '0.200688', 'ticker_sentiment_score': '0.042518', 'ticker_sentiment_label': 'Neutral'}, {'ticker': 'AMZN', 'relevance_score': '0.101154', 'ticker_sentiment_score': '0.095914', 'ticker_sentiment_label': 'Neutral'}, {'ticker': 'MS', 'relevance_score': '0.297061', 'ticker_sentiment_score': '0.204294', 'ticker_sentiment_label': 'Somewhat-Bullish'}, {'ticker': 'FOREX:USD', 'relevance_score': '0.101154', 'ticker_sentiment_score': '0.10127', 'ticker_sentiment_label': 'Neutral'}]"
SiTime Surpasses Earnings Expectations,https://www.fool.com/data-news/2025/02/06/sitime-surpasses-earnings-expectations/,20250206T002522,['JesterAI'],"SiTime reports a strong financial performance for the fourth quarter of 2024, surpassing analyst expectations in revenue and earnings.",https://cdn.content.foolcdn.com/images/1umn9qeh/production/88f3de8e9e1a24a3a824c44986af5b0d57588cc5-5120x2880.jpg,Motley Fool,n/a,www.fool.com,"[{'topic': 'Earnings', 'relevance_score': '0.999696'}, {'topic': 'Technology', 'relevance_score': '0.5'}, {'topic': 'Manufacturing', 'relevance_score': '0.5'}]",0.445393,Bullish,"[{'ticker': 'SITM', 'relevance_score': '0.598255', 'ticker_sentiment_score': '0.622377', 'ticker_sentiment_label': 'Bullish'}, {'ticker': 'AAPL', 'relevance_score': '0.147818', 'ticker_sentiment_score': '0.220409', 'ticker_sentiment_label': 'Somewhat-Bullish'}]"
$100 Invested In This Stock 5 Years Ago Would Be Worth This Much Today - Apple  ( NASDAQ:AAPL ) ,https://www.benzinga.com/insights/news/25/02/43514360/100-invested-in-this-stock-5-years-ago-would-be-worth-this-much-today,20250205T221657,['Benzinga Insights'],"Apple AAPL has outperformed the market over the past 5 years by 11.31% on an annualized basis producing an average annual return of 23.81%. Currently, Apple has a market capitalization of $3.49 trillion.",https://www.benzinga.com/files/images/story/2025/1738793813_0.png,Benzinga,Trading,www.benzinga.com,"[{'topic': 'Technology', 'relevance_score': '1.0'}, {'topic': 'Financial Markets', 'relevance_score': '0.108179'}]",0.238974,Somewhat-Bullish,"[{'ticker': 'AAPL', 'relevance_score': '0.95919', 'ticker_sentiment_score': '0.384695', 'ticker_sentiment_label': 'Bullish'}]"
"Spotify Analyst Draws Comparison To Apple On Scale, Pricing - Spotify Technology  ( NYSE:SPOT ) ",https://www.benzinga.com/analyst-ratings/downgrades/25/02/43506847/spotify-analyst-draws-comparison-to-apple-on-scale-pricing,20250205T194014,['Anusuya Lahiri'],"Spotify's Q4 revenue grew 16% to $4.53B, beating estimates, as analysts raised price targets despite a slight EPS miss. Analysts expect Spotify's subscriber growth, pricing power, and margin expansion to drive long-term profitability and shareholder value.",https://cdn.benzinga.com/files/images/story/2025/02/05/Spotify-logo-with-phone.jpeg?width=1200&height=800&fit=crop,Benzinga,Trading,www.benzinga.com,"[{'topic': 'Financial Markets', 'relevance_score': '0.266143'}, {'topic': 'Earnings', 'relevance_score': '0.995973'}, {'topic': 'Technology', 'relevance_score': '0.5'}, {'topic': 'Finance', 'relevance_score': '0.5'}]",0.239188,Somewhat-Bullish,"[{'ticker': 'AAPL', 'relevance_score': '0.047092', 'ticker_sentiment_score': '0.07089', 'ticker_sentiment_label': 'Neutral'}, {'ticker': 'GS', 'relevance_score': '0.09402', 'ticker_sentiment_score': '0.147823', 'ticker_sentiment_label': 'Neutral'}, {'ticker': 'SPOT', 'relevance_score': '0.557344', 'ticker_sentiment_score': '0.223101', 'ticker_sentiment_label': 'Somewhat-Bullish'}, {'ticker': 'MS', 'relevance_score': '0.09402', 'ticker_sentiment_score': '0.117859', 'ticker_sentiment_label': 'Neutral'}]"
What Drives Billionaire Masayoshi Son?,https://www.fool.com/investing/2025/02/05/what-drives-billionaire-masayoshi-son/,20250205T154600,['Motley Fool Staff'],The man behind SoftBank has now teamed up with OpenAI to invest up to $500 billion in American AI infrastructure over the next four years.,https://g.foolcdn.com/editorial/images/806456/what-does-masayoshi-son-want.jpg,Motley Fool,n/a,www.fool.com,"[{'topic': 'Life Sciences', 'relevance_score': '0.2'}, {'topic': 'Technology', 'relevance_score': '0.2'}, {'topic': 'Finance', 'relevance_score': '0.2'}, {'topic': 'IPO', 'relevance_score': '0.158519'}, {'topic': 'Financial Markets', 'relevance_score': '0.999993'}, {'topic': 'Manufacturing', 'relevance_score': '0.2'}, {'topic': 'Real Estate & Construction', 'relevance_score': '0.2'}]",0.160576,Somewhat-Bullish,"[{'ticker': 'BABA', 'relevance_score': '0.018194', 'ticker_sentiment_score': '0.095252', 'ticker_sentiment_label': 'Neutral'}, {'ticker': 'NVDA', 'relevance_score': '0.072682', 'ticker_sentiment_score': '0.049676', 'ticker_sentiment_label': 'Neutral'}, {'ticker': 'AAPL', 'relevance_score': '0.018194', 'ticker_sentiment_score': '0.084617', 'ticker_sentiment_label': 'Neutral'}, {'ticker': 'VZ', 'relevance_score': '0.009098', 'ticker_sentiment_score': '0.039227', 'ticker_sentiment_label': 'Neutral'}, {'ticker': 'BRK-A', 'relevance_score': '0.009098', 'ticker_sentiment_score': '0.185497', 'ticker_sentiment_label': 'Somewhat-Bullish'}, {'ticker': 'ORCL', 'relevance_score': '0.009098', 'ticker_sentiment_score': '0.082673', 'ticker_sentiment_label': 'Neutral'}, {'ticker': 'GS', 'relevance_score': '0.009098', 'ticker_sentiment_score': '0.10434', 'ticker_sentiment_label': 'Neutral'}, {'ticker': 'PFE', 'relevance_score': '0.009098', 'ticker_sentiment_score': '0.039227', 'ticker_sentiment_label': 'Neutral'}, {'ticker': 'SHOP', 'relevance_score': '0.018194', 'ticker_sentiment_score': '0.142952', 'ticker_sentiment_label': 'Neutral'}, {'ticker': 'TSLA', 'relevance_score': '0.009098', 'ticker_sentiment_score': '0.133481', 'ticker_sentiment_label': 'Neutral'}, {'ticker': 'QCOM', 'relevance_score': '0.009098', 'ticker_sentiment_score': '0.084575', 'ticker_sentiment_label': 'Neutral'}, {'ticker': 'NKLA', 'relevance_score': '0.009098', 'ticker_sentiment_score': '0.133481', 'ticker_sentiment_label': 'Neutral'}, {'ticker': 'SFTBF', 'relevance_score': '0.108835', 'ticker_sentiment_score': '0.054257', 'ticker_sentiment_label': 'Neutral'}, {'ticker': 'WEWOW', 'relevance_score': '0.009098', 'ticker_sentiment_score': '-0.023281', 'ticker_sentiment_label': 'Neutral'}, {'ticker': 'ARM', 'relevance_score': '0.036379', 'ticker_sentiment_score': '0.113011', 'ticker_sentiment_label': 'Neutral'}, {'ticker': 'UBER', 'relevance_score': '0.009098', 'ticker_sentiment_score': '0.04438', 'ticker_sentiment_label': 'Neutral'}]"
